WKT,Layer,Provinsi,Nama,Jenis,Alamat,Latitude,Longitude
"POINT (107.5197 -7.0219)",Jawa Barat,Jawa Barat,Kabupaten Bandung,Kabupaten,Kabupaten Bandung, Jawa Barat, Indonesia,-7.0219,107.5197
"POINT (107.492 -6.841)",Jawa Barat,Jawa Barat,Kabupaten Bandung Barat,Kabupaten,Kabupaten Bandung Barat, Jawa Barat, Indonesia,-6.841,107.492
"POINT (107.17 -6.3)",Jawa Barat,Jawa Barat,Kabupaten Bekasi,Kabupaten,Kabupaten Bekasi, Jawa Barat, Indonesia,-6.3,107.17
"POINT (106.854 -6.48)",Jawa Barat,Jawa Barat,Kabupaten Bogor,Kabupaten,Kabupaten Bogor, Jawa Barat, Indonesia,-6.48,106.854
"POINT (108.353 -7.326)",Jawa Barat,Jawa Barat,Kabupaten Ciamis,Kabupaten,Kabupaten Ciamis, Jawa Barat, Indonesia,-7.326,108.353
"POINT (107.142 -6.82)",Jawa Barat,Jawa Barat,Kabupaten Cianjur,Kabupaten,Kabupaten Cianjur, Jawa Barat, Indonesia,-6.82,107.142
"POINT (108.5 -6.75)",Jawa Barat,Jawa Barat,Kabupaten Cirebon,Kabupaten,Kabupaten Cirebon, Jawa Barat, Indonesia,-6.75,108.5
"POINT (107.9 -7.213)",Jawa Barat,Jawa Barat,Kabupaten Garut,Kabupaten,Kabupaten Garut, Jawa Barat, Indonesia,-7.213,107.9
"POINT (108.32 -6.327)",Jawa Barat,Jawa Barat,Kabupaten Indramayu,Kabupaten,Kabupaten Indramayu, Jawa Barat, Indonesia,-6.327,108.32
"POINT (107.337 -6.322)",Jawa Barat,Jawa Barat,Kabupaten Karawang,Kabupaten,Kabupaten Karawang, Jawa Barat, Indonesia,-6.322,107.337
"POINT (108.483 -6.976)",Jawa Barat,Jawa Barat,Kabupaten Kuningan,Kabupaten,Kabupaten Kuningan, Jawa Barat, Indonesia,-6.976,108.483
"POINT (108.227 -6.836)",Jawa Barat,Jawa Barat,Kabupaten Majalengka,Kabupaten,Kabupaten Majalengka, Jawa Barat, Indonesia,-6.836,108.227
"POINT (108.65 -7.685)",Jawa Barat,Jawa Barat,Kabupaten Pangandaran,Kabupaten,Kabupaten Pangandaran, Jawa Barat, Indonesia,-7.685,108.65
"POINT (107.443 -6.556)",Jawa Barat,Jawa Barat,Kabupaten Purwakarta,Kabupaten,Kabupaten Purwakarta, Jawa Barat, Indonesia,-6.556,107.443
"POINT (107.76 -6.569)",Jawa Barat,Jawa Barat,Kabupaten Subang,Kabupaten,Kabupaten Subang, Jawa Barat, Indonesia,-6.569,107.76
"POINT (106.7 -7.05)",Jawa Barat,Jawa Barat,Kabupaten Sukabumi,Kabupaten,Kabupaten Sukabumi, Jawa Barat, Indonesia,-7.05,106.7
"POINT (107.924 -6.859)",Jawa Barat,Jawa Barat,Kabupaten Sumedang,Kabupaten,Kabupaten Sumedang, Jawa Barat, Indonesia,-6.859,107.924
"POINT (108.11 -7.35)",Jawa Barat,Jawa Barat,Kabupaten Tasikmalaya,Kabupaten,Kabupaten Tasikmalaya, Jawa Barat, Indonesia,-7.35,108.11
"POINT (107.6191 -6.9175)",Jawa Barat,Jawa Barat,Kota Bandung,Kota,Kota Bandung, Jawa Barat, Indonesia,-6.9175,107.6191
"POINT (108.54 -7.37)",Jawa Barat,Jawa Barat,Kota Banjar,Kota,Kota Banjar, Jawa Barat, Indonesia,-7.37,108.54
"POINT (106.9756 -6.2383)",Jawa Barat,Jawa Barat,Kota Bekasi,Kota,Kota Bekasi, Jawa Barat, Indonesia,-6.2383,106.9756
"POINT (106.806 -6.5971)",Jawa Barat,Jawa Barat,Kota Bogor,Kota,Kota Bogor, Jawa Barat, Indonesia,-6.5971,106.806
"POINT (107.542 -6.8722)",Jawa Barat,Jawa Barat,Kota Cimahi,Kota,Kota Cimahi, Jawa Barat, Indonesia,-6.8722,107.542
"POINT (108.557 -6.7063)",Jawa Barat,Jawa Barat,Kota Cirebon,Kota,Kota Cirebon, Jawa Barat, Indonesia,-6.7063,108.557
"POINT (106.7942 -6.4025)",Jawa Barat,Jawa Barat,Kota Depok,Kota,Kota Depok, Jawa Barat, Indonesia,-6.4025,106.7942
"POINT (106.93 -6.9277)",Jawa Barat,Jawa Barat,Kota Sukabumi,Kota,Kota Sukabumi, Jawa Barat, Indonesia,-6.9277,106.93
"POINT (108.2207 -7.3274)",Jawa Barat,Jawa Barat,Kota Tasikmalaya,Kota,Kota Tasikmalaya, Jawa Barat, Indonesia,-7.3274,108.2207
